[
  {
    "id": 1,
    "name": "Notebook Lenovo",
    "price": 750000,
    "description": "Ideal para desarrollo web y tareas diarias.",
    "image": "/img/notebook.jpg"
  },
  {
    "id": 2,
    "name": "Mouse Gamer",
    "price": 25000,
    "description": "RGB, ergonómico y sensible para gaming.",
    "image": "/img/mouse.jpg"
  },
  {
    "id": 3,
    "name": "Teclado Mecánico",
    "price": 60000,
    "description": "Switches rojos silenciosos, ideal para escribir rápido.",
    "image": "/img/keyboard.jpg"
  },
  {
    "id": 4,
    "name": "Auriculares Bluetooth",
    "price": 45000,
    "description": "Inalámbricos, buena duración de batería.",
    "image": "/img/headphones.jpg"
  },
  {
    "id": 5,
    "name": "Monitor 24\" Full HD",
    "price": 180000,
    "description": "Pantalla nítida y colores precisos.",
    "image": "/img/monitor.jpg"
  }
]
